{
	"format_version": "1.8.0",
	"animations": {
		"animation.ant.walk": {
			"loop": true,
			"animation_length": 2,
			"bones": {
				"ass": {
					"rotation": {
						"0.0": {
							"vector": [0, 0, 0]
						},
						"0.5": {
							"vector": [-11, 0, 0]
						},
						"1.0": {
							"vector": [0, 0, 0]
						},
						"1.5": {
							"vector": [-11, 0, 0]
						},
						"2.0": {
							"vector": [0, 0, 0]
						}
					}
				},
				"body": {
					"position": {
						"0.0": {
							"vector": [0, 0, 0]
						},
						"0.5": {
							"vector": [0, 0.25, 0]
						},
						"1.0": {
							"vector": [0, 0, 0]
						},
						"1.5": {
							"vector": [0, 0.25, 0]
						},
						"2.0": {
							"vector": [0, 0, 0]
						}
					}
				},
				"head": {
					"rotation": {
						"0.0": {
							"vector": [0, 0, 0]
						},
						"0.5": {
							"vector": [5, 0, 0]
						},
						"1.0": {
							"vector": [0, 0, 0]
						},
						"1.5": {
							"vector": [5, 0, 0]
						},
						"2.0": {
							"vector": [0, 0, 0]
						}
					}
				},
				"leg": {
					"rotation": {
						"0.0": {
							"vector": [-21.45952, -6.52185, -12.60839]
						},
						"1.0": {
							"vector": [25.57406, -29.41676, 11.19985]
						},
						"2.0": {
							"vector": [-21.45952, -6.52185, -12.60839]
						}
					}
				},
				"leg2": {
					"rotation": {
						"0.0": {
							"vector": [19.10836, -8.08585, 21.28328]
						},
						"1.0": {
							"vector": [-22.66221, -29.15158, -12.57649]
						},
						"2.0": {
							"vector": [19.10836, -8.08585, 21.28328]
						}
					}
				},
				"leg3": {
					"rotation": {
						"0.0": {
							"vector": [-20.94102, -8.42106, -20.94102]
						},
						"1.0": {
							"vector": [21.24074, 12.60652, 28.99769]
						},
						"2.0": {
							"vector": [-20.94102, -8.42106, -20.94102]
						}
					}
				},
				"leg4": {
					"rotation": {
						"0.0": {
							"vector": [20.94102, -8.42106, 20.94102]
						},
						"1.0": {
							"vector": [-21.24074, 12.60652, -28.99769]
						},
						"2.0": {
							"vector": [20.94102, -8.42106, 20.94102]
						}
					}
				},
				"leg5": {
					"rotation": {
						"0.0": {
							"vector": [22.7299, -8.74798, 20.75123]
						},
						"1.0": {
							"vector": [-23.77252, 11.9667, -29.64442]
						},
						"2.0": {
							"vector": [22.7299, -8.74798, 20.75123]
						}
					}
				},
				"leg6": {
					"rotation": {
						"0.0": {
							"vector": [-19.10836, -8.08585, -21.28328]
						},
						"1.0": {
							"vector": [18.79405, 13.22332, 28.555]
						},
						"2.0": {
							"vector": [-19.10836, -8.08585, -21.28328]
						}
					}
				}
			}
		},
		"animation.ant.idle": {
			"loop": true,
			"animation_length": 4,
			"bones": {
				"head": {
					"rotation": {
						"0.0": {
							"vector": [0, 0, 0]
						},
						"2.0": {
							"vector": [5, 0, 0]
						},
						"4.0": {
							"vector": [0, 0, 0]
						}
					}
				},
				"body": {
					"position": {
						"0.0": {
							"vector": [0, 0, 0]
						},
						"2.0": {
							"vector": [0, 0.25, 0]
						},
						"4.0": {
							"vector": [0, 0, 0]
						}
					}
				},
				"ass": {
					"rotation": {
						"0.0": {
							"vector": [0, 0, 0]
						},
						"2.0": {
							"vector": [-7.5, 0, 0]
						},
						"4.0": {
							"vector": [0, 0, 0]
						}
					}
				}
			}
		},
		"ant.idle": {
			"loop": true,
			"animation_length": 2,
			"bones": {
				"Head": {
					"rotation": {
						"vector": [3, 0, 0]
					},
					"position": {
						"vector": [0, "Math.cos((query.anim_time - 0.0) * 180) * -0.1", 0]
					}
				},
				"Leg": {
					"rotation": {
						"vector": [0, 17.5, 0]
					}
				},
				"Leg2": {
					"rotation": {
						"vector": [0, -17.5, 0]
					}
				},
				"Leg5": {
					"rotation": {
						"vector": [0, 32.5, 0]
					}
				},
				"Leg6": {
					"rotation": {
						"vector": [0, -32.5, 0]
					}
				},
				"Ass": {
					"rotation": {
						"vector": [-6, 0, 0]
					},
					"position": {
						"vector": [0, "Math.sin((query.anim_time - 0.0) * 180) * 0.2", 0]
					}
				}
			}
		},
		"ant.walk": {
			"loop": true,
			"animation_length": 1,
			"bones": {
				"Head": {
					"rotation": {
						"vector": [0, 0, "Math.cos((query.anim_time - 0.2) * 360) * 2"]
					}
				},
				"Leg": {
					"rotation": {
						"vector": ["Math.sin((query.anim_time - 0.0) * 360) * -9", 0, 0]
					},
					"position": {
						"0.0": {
							"vector": [0, 1, 0]
						},
						"0.25": {
							"vector": [0, 0, 0]
						},
						"0.75": {
							"vector": [0, 0, 0]
						},
						"1.0": {
							"vector": [0, 1, 0]
						}
					}
				},
				"Leg2": {
					"rotation": {
						"vector": ["Math.sin((query.anim_time - 0.0) * 360) * 9", 0, 0]
					},
					"position": {
						"0.25": {
							"vector": [0, 0, 0]
						},
						"0.5": {
							"vector": [0, 1, 0]
						},
						"0.75": {
							"vector": [0, 0, 0]
						}
					}
				},
				"Leg3": {
					"rotation": {
						"vector": ["Math.sin((query.anim_time - 0.0) * 360) * -9", 0, 0]
					},
					"position": {
						"0.0": {
							"vector": [0, 1, 0]
						},
						"0.25": {
							"vector": [0, 0, 0]
						},
						"0.75": {
							"vector": [0, 0, 0]
						},
						"1.0": {
							"vector": [0, 1, 0]
						}
					}
				},
				"Leg4": {
					"rotation": {
						"vector": ["Math.sin((query.anim_time - 0.0) * 360) * 9", 0, 0]
					},
					"position": {
						"0.25": {
							"vector": [0, 0, 0]
						},
						"0.5": {
							"vector": [0, 1, 0]
						},
						"0.75": {
							"vector": [0, 0, 0]
						}
					}
				},
				"Leg5": {
					"rotation": {
						"vector": ["Math.cos((query.anim_time - 0.0) * 360) * 9", 0, 0]
					},
					"position": {
						"0.0": {
							"vector": [0, 0, 0]
						},
						"0.25": {
							"vector": [0, 1, 0]
						},
						"0.5": {
							"vector": [0, 0, 0]
						}
					}
				},
				"Leg6": {
					"rotation": {
						"vector": ["Math.cos((query.anim_time - 0.0) * 360) * -9", 0, 0]
					},
					"position": {
						"0.5": {
							"vector": [0, 0, 0]
						},
						"0.75": {
							"vector": [0, 1, 0]
						},
						"1.0": {
							"vector": [0, 0, 0]
						}
					}
				},
				"Ass": {
					"rotation": {
						"vector": ["Math.cos((query.anim_time - 0.0) * 360) * 2", 0, "Math.sin((query.anim_time - 0.0) * 360) * 1"]
					}
				}
			}
		}
	},
	"geckolib_format_version": 2
}